{
    "name": "Hopital",
    "alias": "hopital",
    "description": "Module de gestion complète d'un hôpital ou établissement de santé, couvrant l'accueil patient, gestion personnel, dossiers médicaux, facturation, labo, gestion lits et urgences.",
    "keywords": ["hospital", "healthcare", "patient management", "medical records", "billing", "laboratory"],
    "priority": 0,
    "providers": [
        "Modules\\Hopital\\Providers\\HopitalServiceProvider"
    ],
    "aliases": {},
    "files": [],
    "requires": []
}